{
    "name": "root",
    "gauges": {
        "FeedbackAgent.Policy.Entropy.mean": {
            "value": 1.073716640472412,
            "min": 0.8130307197570801,
            "max": 1.094955325126648,
            "count": 20
        },
        "FeedbackAgent.Policy.Entropy.sum": {
            "value": 1117.739013671875,
            "min": 783.7615966796875,
            "max": 1127.5543212890625,
            "count": 20
        },
        "FeedbackAgent.Environment.EpisodeLength.mean": {
            "value": 9.957894736842105,
            "min": 3.0,
            "max": 144.0,
            "count": 20
        },
        "FeedbackAgent.Environment.EpisodeLength.sum": {
            "value": 946.0,
            "min": 39.0,
            "max": 1638.0,
            "count": 20
        },
        "FeedbackAgent.Step.mean": {
            "value": 19996.0,
            "min": 971.0,
            "max": 19996.0,
            "count": 20
        },
        "FeedbackAgent.Step.sum": {
            "value": 19996.0,
            "min": 971.0,
            "max": 19996.0,
            "count": 20
        },
        "FeedbackAgent.Policy.ExtrinsicValueEstimate.mean": {
            "value": -2.109374523162842,
            "min": -4.727208614349365,
            "max": 1.5398030281066895,
            "count": 20
        },
        "FeedbackAgent.Policy.ExtrinsicValueEstimate.sum": {
            "value": -221.4843292236328,
            "min": -375.4927062988281,
            "max": 81.04251861572266,
            "count": 20
        },
        "FeedbackAgent.Environment.CumulativeReward.mean": {
            "value": -27.263157894736842,
            "min": -745.0,
            "max": -17.142857142857142,
            "count": 20
        },
        "FeedbackAgent.Environment.CumulativeReward.sum": {
            "value": -2590.0,
            "min": -7500.0,
            "max": -240.0,
            "count": 20
        },
        "FeedbackAgent.Policy.ExtrinsicReward.mean": {
            "value": -27.263157894736842,
            "min": -745.0,
            "max": -17.142857142857142,
            "count": 20
        },
        "FeedbackAgent.Policy.ExtrinsicReward.sum": {
            "value": -2590.0,
            "min": -7500.0,
            "max": -240.0,
            "count": 20
        },
        "FeedbackAgent.IsTraining.mean": {
            "value": 1.0,
            "min": 1.0,
            "max": 1.0,
            "count": 20
        },
        "FeedbackAgent.IsTraining.sum": {
            "value": 1.0,
            "min": 1.0,
            "max": 1.0,
            "count": 20
        },
        "FeedbackAgent.Losses.PolicyLoss.mean": {
            "value": 0.02683956017717719,
            "min": 0.02683956017717719,
            "max": 0.02683956017717719,
            "count": 1
        },
        "FeedbackAgent.Losses.PolicyLoss.sum": {
            "value": 0.02683956017717719,
            "min": 0.02683956017717719,
            "max": 0.02683956017717719,
            "count": 1
        },
        "FeedbackAgent.Losses.ValueLoss.mean": {
            "value": 3657.346012369792,
            "min": 3657.346012369792,
            "max": 3657.346012369792,
            "count": 1
        },
        "FeedbackAgent.Losses.ValueLoss.sum": {
            "value": 3657.346012369792,
            "min": 3657.346012369792,
            "max": 3657.346012369792,
            "count": 1
        },
        "FeedbackAgent.Policy.LearningRate.mean": {
            "value": 0.0002385120204959999,
            "min": 0.0002385120204959999,
            "max": 0.0002385120204959999,
            "count": 1
        },
        "FeedbackAgent.Policy.LearningRate.sum": {
            "value": 0.0002385120204959999,
            "min": 0.0002385120204959999,
            "max": 0.0002385120204959999,
            "count": 1
        },
        "FeedbackAgent.Policy.Epsilon.mean": {
            "value": 0.17950399999999994,
            "min": 0.17950399999999994,
            "max": 0.17950399999999994,
            "count": 1
        },
        "FeedbackAgent.Policy.Epsilon.sum": {
            "value": 0.17950399999999994,
            "min": 0.17950399999999994,
            "max": 0.17950399999999994,
            "count": 1
        },
        "FeedbackAgent.Policy.Beta.mean": {
            "value": 0.003977249599999999,
            "min": 0.003977249599999999,
            "max": 0.003977249599999999,
            "count": 1
        },
        "FeedbackAgent.Policy.Beta.sum": {
            "value": 0.003977249599999999,
            "min": 0.003977249599999999,
            "max": 0.003977249599999999,
            "count": 1
        }
    },
    "metadata": {
        "timer_format_version": "0.1.0",
        "start_time_seconds": "1732539579",
        "python_version": "3.8.20 (default, Oct  3 2024, 15:19:54) [MSC v.1929 64 bit (AMD64)]",
        "command_line_arguments": "C:\\Users\\qkrwl\\anaconda3\\envs\\RubberAgent\\Scripts\\mlagents-learn config\\config.yaml --train --run-id=Test1 --force",
        "mlagents_version": "0.30.0",
        "mlagents_envs_version": "0.30.0",
        "communication_protocol_version": "1.5.0",
        "pytorch_version": "1.13.1+cpu",
        "numpy_version": "1.21.2",
        "end_time_seconds": "1732542430"
    },
    "total": 2851.1648401,
    "count": 1,
    "self": 0.003240800000185118,
    "children": {
        "run_training.setup": {
            "total": 0.048471299999999884,
            "count": 1,
            "self": 0.048471299999999884
        },
        "TrainerController.start_learning": {
            "total": 2851.113128,
            "count": 1,
            "self": 0.3253671000138638,
            "children": {
                "TrainerController._reset_env": {
                    "total": 15.5850857,
                    "count": 1,
                    "self": 15.5850857
                },
                "TrainerController.advance": {
                    "total": 2835.174850699986,
                    "count": 22239,
                    "self": 0.29080489998250414,
                    "children": {
                        "env_step": {
                            "total": 2830.1974479999926,
                            "count": 22239,
                            "self": 2814.7375328999733,
                            "children": {
                                "SubprocessEnvManager._take_step": {
                                    "total": 15.260229199996392,
                                    "count": 22239,
                                    "self": 0.726799599994191,
                                    "children": {
                                        "TorchPolicy.evaluate": {
                                            "total": 14.5334296000022,
                                            "count": 20913,
                                            "self": 14.5334296000022
                                        }
                                    }
                                },
                                "workers": {
                                    "total": 0.19968590002295983,
                                    "count": 22238,
                                    "self": 0.0,
                                    "children": {
                                        "worker_root": {
                                            "total": 2773.8506086000093,
                                            "count": 22238,
                                            "is_parallel": true,
                                            "self": 35.258732100003726,
                                            "children": {
                                                "steps_from_proto": {
                                                    "total": 0.0003665999999995506,
                                                    "count": 1,
                                                    "is_parallel": true,